,First,Last,first_last,first.last,firstletterlastname,firstnamelastletter,last.first,last_first,first-last,firstname-lastletter,firstletter-lastname,firstname.lastletter,firstletter.lastname,firstletter_lastname,firstname_lastletter
0,Kiki,Hughes,Kiki_Hughes,Kiki.Hughes,KHughes,KikiH,Hughes.Kiki,Hughes_Kiki,Kiki-Hughes,Kiki-H,K-Hughes,Kiki.H,K.Hughes,K_Hughes,Kiki_H
1,Ashley,Taylor ,Ashley_Taylor ,Ashley.Taylor ,ATaylor ,AshleyT,Taylor .Ashley,Taylor _Ashley,Ashley-Taylor ,Ashley-T,A-Taylor ,Ashley.T,A.Taylor ,A_Taylor ,Ashley_T
2,Thomas ,Carney ,Thomas _Carney ,Thomas .Carney ,TCarney ,Thomas C,Carney .Thomas ,Carney _Thomas ,Thomas -Carney ,Thomas -C,T-Carney ,Thomas .C,T.Carney ,T_Carney ,Thomas _C
3,Abby,Kessler,Abby_Kessler,Abby.Kessler,AKessler,AbbyK,Kessler.Abby,Kessler_Abby,Abby-Kessler,Abby-K,A-Kessler,Abby.K,A.Kessler,A_Kessler,Abby_K
4,Anne ,Gitter,Anne _Gitter,Anne .Gitter,AGitter,Anne G,Gitter.Anne ,Gitter_Anne ,Anne -Gitter,Anne -G,A-Gitter,Anne .G,A.Gitter,A_Gitter,Anne _G
5,Mary ,Harvey ,Mary _Harvey ,Mary .Harvey ,MHarvey ,Mary H,Harvey .Mary ,Harvey _Mary ,Mary -Harvey ,Mary -H,M-Harvey ,Mary .H,M.Harvey ,M_Harvey ,Mary _H
6,Mary ,Clark,Mary _Clark,Mary .Clark,MClark,Mary C,Clark.Mary ,Clark_Mary ,Mary -Clark,Mary -C,M-Clark,Mary .C,M.Clark,M_Clark,Mary _C
7,Cortney ,Cohen Sze,Cortney _Cohen Sze,Cortney .Cohen Sze,CCohen Sze,Cortney C,Cohen Sze.Cortney ,Cohen Sze_Cortney ,Cortney -Cohen Sze,Cortney -C,C-Cohen Sze,Cortney .C,C.Cohen Sze,C_Cohen Sze,Cortney _C
8,Donna ,Sandoz,Donna _Sandoz,Donna .Sandoz,DSandoz,Donna S,Sandoz.Donna ,Sandoz_Donna ,Donna -Sandoz,Donna -S,D-Sandoz,Donna .S,D.Sandoz,D_Sandoz,Donna _S
9,Joelle ,Brodhecker,Joelle _Brodhecker,Joelle .Brodhecker,JBrodhecker,Joelle B,Brodhecker.Joelle ,Brodhecker_Joelle ,Joelle -Brodhecker,Joelle -B,J-Brodhecker,Joelle .B,J.Brodhecker,J_Brodhecker,Joelle _B
10,Chelsea ,Pearce,Chelsea _Pearce,Chelsea .Pearce,CPearce,Chelsea P,Pearce.Chelsea ,Pearce_Chelsea ,Chelsea -Pearce,Chelsea -P,C-Pearce,Chelsea .P,C.Pearce,C_Pearce,Chelsea _P
11,Ky,Cao,Ky_Cao,Ky.Cao,KCao,KyC,Cao.Ky,Cao_Ky,Ky-Cao,Ky-C,K-Cao,Ky.C,K.Cao,K_Cao,Ky_C
12,Kia ,Denise,Kia _Denise,Kia .Denise,KDenise,Kia D,Denise.Kia ,Denise_Kia ,Kia -Denise,Kia -D,K-Denise,Kia .D,K.Denise,K_Denise,Kia _D
13,Paula,Hian,Paula_Hian,Paula.Hian,PHian,PaulaH,Hian.Paula,Hian_Paula,Paula-Hian,Paula-H,P-Hian,Paula.H,P.Hian,P_Hian,Paula_H
14,Phillip  ,Yi,Phillip  _Yi,Phillip  .Yi,PYi,Phillip  Y,Yi.Phillip  ,Yi_Phillip  ,Phillip  -Yi,Phillip  -Y,P-Yi,Phillip  .Y,P.Yi,P_Yi,Phillip  _Y
15,Blair ,Sandlain,Blair _Sandlain,Blair .Sandlain,BSandlain,Blair S,Sandlain.Blair ,Sandlain_Blair ,Blair -Sandlain,Blair -S,B-Sandlain,Blair .S,B.Sandlain,B_Sandlain,Blair _S
16,Golan ,Kashani,Golan _Kashani,Golan .Kashani,GKashani,Golan K,Kashani.Golan ,Kashani_Golan ,Golan -Kashani,Golan -K,G-Kashani,Golan .K,G.Kashani,G_Kashani,Golan _K
17,Jen ,Rosen,Jen _Rosen,Jen .Rosen,JRosen,Jen R,Rosen.Jen ,Rosen_Jen ,Jen -Rosen,Jen -R,J-Rosen,Jen .R,J.Rosen,J_Rosen,Jen _R
18,Dan ,Soskin,Dan _Soskin,Dan .Soskin,DSoskin,Dan S,Soskin.Dan ,Soskin_Dan ,Dan -Soskin,Dan -S,D-Soskin,Dan .S,D.Soskin,D_Soskin,Dan _S
19,Tom ,Longo,Tom _Longo,Tom .Longo,TLongo,Tom L,Longo.Tom ,Longo_Tom ,Tom -Longo,Tom -L,T-Longo,Tom .L,T.Longo,T_Longo,Tom _L
20,Lisa,Lamprou,Lisa_Lamprou,Lisa.Lamprou,LLamprou,LisaL,Lamprou.Lisa,Lamprou_Lisa,Lisa-Lamprou,Lisa-L,L-Lamprou,Lisa.L,L.Lamprou,L_Lamprou,Lisa_L
21,Vinny ,Talotta,Vinny _Talotta,Vinny .Talotta,VTalotta,Vinny T,Talotta.Vinny ,Talotta_Vinny ,Vinny -Talotta,Vinny -T,V-Talotta,Vinny .T,V.Talotta,V_Talotta,Vinny _T
22,Susan,Mandel,Susan_Mandel,Susan.Mandel,SMandel,SusanM,Mandel.Susan,Mandel_Susan,Susan-Mandel,Susan-M,S-Mandel,Susan.M,S.Mandel,S_Mandel,Susan_M
23,Brian ,Lipstein,Brian _Lipstein,Brian .Lipstein,BLipstein,Brian L,Lipstein.Brian ,Lipstein_Brian ,Brian -Lipstein,Brian -L,B-Lipstein,Brian .L,B.Lipstein,B_Lipstein,Brian _L
24,Craig Arthur ,Von Schroeder,Craig Arthur _Von Schroeder,Craig Arthur .Von Schroeder,CVon Schroeder,Craig Arthur V,Von Schroeder.Craig Arthur ,Von Schroeder_Craig Arthur ,Craig Arthur -Von Schroeder,Craig Arthur -V,C-Von Schroeder,Craig Arthur .V,C.Von Schroeder,C_Von Schroeder,Craig Arthur _V
25,James ,Singleton,James _Singleton,James .Singleton,JSingleton,James S,Singleton.James ,Singleton_James ,James -Singleton,James -S,J-Singleton,James .S,J.Singleton,J_Singleton,James _S
26,Eli,Sved,Eli_Sved,Eli.Sved,ESved,EliS,Sved.Eli,Sved_Eli,Eli-Sved,Eli-S,E-Sved,Eli.S,E.Sved,E_Sved,Eli_S
27,Charlie ,Morrotta,Charlie _Morrotta,Charlie .Morrotta,CMorrotta,Charlie M,Morrotta.Charlie ,Morrotta_Charlie ,Charlie -Morrotta,Charlie -M,C-Morrotta,Charlie .M,C.Morrotta,C_Morrotta,Charlie _M
28,Wayne,Glassman,Wayne_Glassman,Wayne.Glassman,WGlassman,WayneG,Glassman.Wayne,Glassman_Wayne,Wayne-Glassman,Wayne-G,W-Glassman,Wayne.G,W.Glassman,W_Glassman,Wayne_G
29,Anthony ,Noce,Anthony _Noce,Anthony .Noce,ANoce,Anthony N,Noce.Anthony ,Noce_Anthony ,Anthony -Noce,Anthony -N,A-Noce,Anthony .N,A.Noce,A_Noce,Anthony _N
30,Andrew ,Smith,Andrew _Smith,Andrew .Smith,ASmith,Andrew S,Smith.Andrew ,Smith_Andrew ,Andrew -Smith,Andrew -S,A-Smith,Andrew .S,A.Smith,A_Smith,Andrew _S
31,Patricia ,Ritter,Patricia _Ritter,Patricia .Ritter,PRitter,Patricia R,Ritter.Patricia ,Ritter_Patricia ,Patricia -Ritter,Patricia -R,P-Ritter,Patricia .R,P.Ritter,P_Ritter,Patricia _R
32,Joseph,Awad,Joseph_Awad,Joseph.Awad,JAwad,JosephA,Awad.Joseph,Awad_Joseph,Joseph-Awad,Joseph-A,J-Awad,Joseph.A,J.Awad,J_Awad,Joseph_A
33,Lindsay,Fryer,Lindsay_Fryer,Lindsay.Fryer,LFryer,LindsayF,Fryer.Lindsay,Fryer_Lindsay,Lindsay-Fryer,Lindsay-F,L-Fryer,Lindsay.F,L.Fryer,L_Fryer,Lindsay_F
34,Dan,Thompson,Dan_Thompson,Dan.Thompson,DThompson,DanT,Thompson.Dan,Thompson_Dan,Dan-Thompson,Dan-T,D-Thompson,Dan.T,D.Thompson,D_Thompson,Dan_T
35,Julia,Grassi,Julia_Grassi,Julia.Grassi,JGrassi,JuliaG,Grassi.Julia,Grassi_Julia,Julia-Grassi,Julia-G,J-Grassi,Julia.G,J.Grassi,J_Grassi,Julia_G
36,Bianca,De Pietro,Bianca_De Pietro,Bianca.De Pietro,BDe Pietro,BiancaD,De Pietro.Bianca,De Pietro_Bianca,Bianca-De Pietro,Bianca-D,B-De Pietro,Bianca.D,B.De Pietro,B_De Pietro,Bianca_D
37,Brandy ,Schecter,Brandy _Schecter,Brandy .Schecter,BSchecter,Brandy S,Schecter.Brandy ,Schecter_Brandy ,Brandy -Schecter,Brandy -S,B-Schecter,Brandy .S,B.Schecter,B_Schecter,Brandy _S
38,Heather ,Stauffer,Heather _Stauffer,Heather .Stauffer,HStauffer,Heather S,Stauffer.Heather ,Stauffer_Heather ,Heather -Stauffer,Heather -S,H-Stauffer,Heather .S,H.Stauffer,H_Stauffer,Heather _S
39,James ,Lamancuso,James _Lamancuso,James .Lamancuso,JLamancuso,James L,Lamancuso.James ,Lamancuso_James ,James -Lamancuso,James -L,J-Lamancuso,James .L,J.Lamancuso,J_Lamancuso,James _L
40,Rafael ,Rosado,Rafael _Rosado,Rafael .Rosado,RRosado,Rafael R,Rosado.Rafael ,Rosado_Rafael ,Rafael -Rosado,Rafael -R,R-Rosado,Rafael .R,R.Rosado,R_Rosado,Rafael _R
41,Amanda ,C,Amanda _C,Amanda .C,AC,Amanda C,C.Amanda ,C_Amanda ,Amanda -C,Amanda -C,A-C,Amanda .C,A.C,A_C,Amanda _C
42,Drew ,McDaniel,Drew _McDaniel,Drew .McDaniel,DMcDaniel,Drew M,McDaniel.Drew ,McDaniel_Drew ,Drew -McDaniel,Drew -M,D-McDaniel,Drew .M,D.McDaniel,D_McDaniel,Drew _M
43,Anastasia,,,,,,,,,,,,,,
44,Berel ,Rapaport,Berel _Rapaport,Berel .Rapaport,BRapaport,Berel R,Rapaport.Berel ,Rapaport_Berel ,Berel -Rapaport,Berel -R,B-Rapaport,Berel .R,B.Rapaport,B_Rapaport,Berel _R
45,Maureen,Doron,Maureen_Doron,Maureen.Doron,MDoron,MaureenD,Doron.Maureen,Doron_Maureen,Maureen-Doron,Maureen-D,M-Doron,Maureen.D,M.Doron,M_Doron,Maureen_D
46,Sherri ,Hall,Sherri _Hall,Sherri .Hall,SHall,Sherri H,Hall.Sherri ,Hall_Sherri ,Sherri -Hall,Sherri -H,S-Hall,Sherri .H,S.Hall,S_Hall,Sherri _H
47,David,Schwartz,David_Schwartz,David.Schwartz,DSchwartz,DavidS,Schwartz.David,Schwartz_David,David-Schwartz,David-S,D-Schwartz,David.S,D.Schwartz,D_Schwartz,David_S
48,Tara,Alexander ,Tara_Alexander ,Tara.Alexander ,TAlexander ,TaraA,Alexander .Tara,Alexander _Tara,Tara-Alexander ,Tara-A,T-Alexander ,Tara.A,T.Alexander ,T_Alexander ,Tara_A
